dis,ref,mos,pred
img2.bmp,studentsculpture.bmp,15.512954417537026,5.9368448808478815
img3.bmp,rapids.bmp,24.09025497677203,5.382437777977127
img4.bmp,dancers.bmp,68.99086164929872,6.518473848700523
img5.bmp,churchandcapitol.bmp,74.39794796497739,6.506624469223122
img6.bmp,dancers.bmp,69.2292141708657,5.93362205558353
img7.bmp,churchandcapitol.bmp,53.578731920146005,5.777187739809354
img8.bmp,stream.bmp,39.37667556675135,4.72935394581873
img10.bmp,woman.bmp,43.42259860497224,4.052445337176323
img12.bmp,sailing3.bmp,34.802951811201964,2.8036250565589094
img13.bmp,buildings.bmp,46.684096124058215,6.763332007763286
img14.bmp,paintedhouse.bmp,45.679490649039394,3.956853567312161
img15.bmp,bikes.bmp,12.692083542828538,8.400926508164654
img17.bmp,stream.bmp,65.23107378633902,4.094664008822292
img18.bmp,carnivaldolls.bmp,29.392249180595478,6.4828582935863075
img19.bmp,sailing1.bmp,3.8890621428635583,5.987776101566851
img21.bmp,coinsinfountain.bmp,22.461157863083844,5.194195493667697
img23.bmp,woman.bmp,35.59966912005858,4.746185408187254
img26.bmp,manfishing.bmp,11.714566786308875,6.351477055732782
img27.bmp,house.bmp,48.4017211733363,4.641134290781338
img28.bmp,coinsinfountain.bmp,70.94908661426099,4.894727798489233
img29.bmp,buildings.bmp,63.64493591720355,7.432316560919086
img30.bmp,building2.bmp,75.20085071703139,8.014912723874053
img31.bmp,ocean.bmp,23.258787473568606,3.2334738324886225
img32.bmp,rapids.bmp,76.28674666689452,5.621330794800694
img33.bmp,buildings.bmp,52.78563645111723,8.913149206278225
img34.bmp,studentsculpture.bmp,8.613511703300915,5.354488097286473
img37.bmp,ocean.bmp,25.85424903691081,3.824376334082141
img38.bmp,sailing3.bmp,65.85757417524141,4.26513220788911
img39.bmp,sailing4.bmp,26.96036839367697,4.694363712876414
img40.bmp,paintedhouse.bmp,75.7811284764878,3.737551206101974
img41.bmp,building2.bmp,43.696253511551454,7.426154540774102
img42.bmp,womanhat.bmp,54.17424655185858,3.377429401366195
img43.bmp,sailing1.bmp,67.6967798207526,4.524310265240881
img44.bmp,flowersonih35.bmp,71.61970727692339,7.656827011145651
img45.bmp,churchandcapitol.bmp,74.14564153374138,8.144093429359296
img46.bmp,cemetry.bmp,73.09174201136065,6.980199117627409
img47.bmp,house.bmp,48.08894690810563,3.4733957196585834
img48.bmp,cemetry.bmp,77.32511548366257,6.8507287465035915
img49.bmp,caps.bmp,13.501078103650578,3.4361073873975934
img51.bmp,lighthouse.bmp,20.523073789426263,5.366349506354406
img52.bmp,sailing4.bmp,51.01138521337987,4.183699622532004
img53.bmp,plane.bmp,62.47597192836157,6.234149679944191
img55.bmp,sailing2.bmp,46.03974281634614,4.255580537292796
img56.bmp,monarch.bmp,41.284025766832684,5.258155732376811
img58.bmp,plane.bmp,5.651469652190897,5.132729618135879
img59.bmp,sailing2.bmp,10.109294080950896,6.63967981969472
img60.bmp,studentsculpture.bmp,63.37679236401009,7.011138587879638
img61.bmp,monarch.bmp,21.457095198446538,4.73315463855397
img62.bmp,sailing2.bmp,6.320751746555565,4.1379306527087465
img63.bmp,manfishing.bmp,30.07521146577485,4.881017453347643
img65.bmp,dancers.bmp,82.98273370788651,7.70431491235892
img68.bmp,caps.bmp,24.82662376759264,4.069752232142491
img69.bmp,ocean.bmp,5.909674455410709,2.9301477702974807
img71.bmp,stream.bmp,80.12128273704799,5.379054072623451
img74.bmp,lighthouse2.bmp,52.089829940493935,3.726338613370293
img75.bmp,womanhat.bmp,11.035277608283096,4.078863908885978
img77.bmp,coinsinfountain.bmp,12.523344239786704,5.449374095691989
img78.bmp,bikes.bmp,30.57070176854073,7.058069302390019
img79.bmp,carnivaldolls.bmp,79.16743675958446,7.549531766937839
img80.bmp,house.bmp,20.566984747213432,4.832761829621934
img81.bmp,rapids.bmp,44.74511025359578,5.141113280163457
img82.bmp,paintedhouse.bmp,11.339054336612762,5.14435881387908
img83.bmp,caps.bmp,42.369320360750706,3.8925614301115274
img85.bmp,parrots.bmp,18.563119639992884,3.9529436783244214
img86.bmp,flowersonih35.bmp,76.23532996373504,7.83014708198607
img88.bmp,sailing1.bmp,66.04417836262543,3.717315947598157
img90.bmp,sailing4.bmp,11.324709943682542,4.276753301188971
img91.bmp,lighthouse.bmp,48.72445543811661,4.454421800536996
img92.bmp,statue.bmp,36.65133240523328,4.59170957080399
img94.bmp,manfishing.bmp,30.248805104886298,5.264412007605036
img96.bmp,parrots.bmp,32.255679814123376,3.598074129472176
img98.bmp,cemetry.bmp,42.53855897076394,9.113371613952848
img99.bmp,womanhat.bmp,50.18890942469288,3.539115477430945
img101.bmp,parrots.bmp,10.234730985641717,4.970810778206214
img102.bmp,statue.bmp,6.724372369964853,2.9436878750566393
img103.bmp,lighthouse2.bmp,10.088204403320537,4.268867208718196
img104.bmp,woman.bmp,46.68236218261797,4.254196568198192
img105.bmp,monarch.bmp,7.557459980934175,6.782296263690417
img106.bmp,lighthouse.bmp,48.616156673907305,3.739187479853475
img107.bmp,building2.bmp,79.84747926885252,8.652737786993384
img108.bmp,carnivaldolls.bmp,43.661388996745465,7.7372650156418485
img109.bmp,sailing3.bmp,35.737358994613274,4.23548112270267
img111.bmp,flowersonih35.bmp,15.82182560398103,5.972454247996211
img113.bmp,plane.bmp,12.564926162224069,3.783428140314451
img114.bmp,lighthouse2.bmp,12.80273252847908,3.744453164176472
img115.bmp,bikes.bmp,67.09045174168914,6.586277750631173
img116.bmp,statue.bmp,46.920148971869075,4.596434513611409
img120.bmp,ocean.bmp,40.33848092661778,3.8460391701373737
img121.bmp,manfishing.bmp,91.37246032042904,7.116228379619618
img122.bmp,caps.bmp,58.55909813379443,5.197295209606334
img124.bmp,carnivaldolls.bmp,52.154629253222005,6.185305535793304
img125.bmp,cemetry.bmp,25.723920038887357,9.360990438196394
img126.bmp,rapids.bmp,10.712712959196343,5.2247246351325884
img127.bmp,parrots.bmp,74.95826410045794,3.798683130337546
img129.bmp,bikes.bmp,15.242823326616554,5.483602164390807
img130.bmp,sailing3.bmp,42.497069418168,4.799592107689629
img132.bmp,building2.bmp,22.538784832597894,7.685519866334896
img133.bmp,bikes.bmp,40.04985108989743,5.586864871593813
img135.bmp,rapids.bmp,84.91378457435593,5.479909946676344
img136.bmp,sailing1.bmp,33.81064694785772,4.026370480401965
img137.bmp,lighthouse2.bmp,60.61338357551887,5.353391622596064
img138.bmp,sailing2.bmp,56.326747764812794,4.036561240442097
img141.bmp,sailing2.bmp,6.153192300554039,4.845778529765084
img142.bmp,studentsculpture.bmp,43.997702747945745,6.327354771861185
img143.bmp,manfishing.bmp,44.77638094880946,4.895271807365741
img144.bmp,house.bmp,65.45198981342284,6.346178278559819
img146.bmp,rapids.bmp,56.16123888490046,7.312204091499249
img148.bmp,carnivaldolls.bmp,11.469738487437949,6.004138685969843
img149.bmp,lighthouse.bmp,33.11179598113043,2.773899039493093
img150.bmp,woman.bmp,5.325990809336403,4.471089341231466
img152.bmp,woman.bmp,62.748811782630604,3.97032879316248
img154.bmp,sailing3.bmp,68.53124109916048,3.8650231223242977
img155.bmp,woman.bmp,81.40061954776587,5.549088857059057
img156.bmp,buildings.bmp,71.45072855297293,8.147311031507948
img158.bmp,parrots.bmp,62.58003608072658,4.530601683616017
img160.bmp,monarch.bmp,58.753804200609366,5.411358377197757
img162.bmp,statue.bmp,12.158282195710305,3.0446094679452167
img163.bmp,building2.bmp,49.973083632723416,6.558802363773187
img164.bmp,lighthouse2.bmp,27.122912625267986,6.3971234829878085
img165.bmp,dancers.bmp,31.170624384086214,5.606776705839568
img167.bmp,flowersonih35.bmp,53.281983698504845,7.989604910137132
img168.bmp,coinsinfountain.bmp,53.17519436960078,4.881171700078994
img169.bmp,statue.bmp,62.92117133342568,5.821789316600189
img170.bmp,dancers.bmp,50.18659635541299,5.9622410668267145
img171.bmp,studentsculpture.bmp,22.217464309979974,5.509297652946164
img172.bmp,sailing4.bmp,85.01806693016354,5.42573297318692
img173.bmp,plane.bmp,19.91475165122249,4.349574838040401
img174.bmp,lighthouse.bmp,8.059516033306664,5.576299683608037
img175.bmp,stream.bmp,85.48562881018704,7.535947092964004
img176.bmp,churchandcapitol.bmp,27.91393339154686,6.722633620568861
img177.bmp,coinsinfountain.bmp,79.8784206214237,6.947581319448848
img178.bmp,cemetry.bmp,57.388156688584395,8.302154982255566
img179.bmp,house.bmp,85.22814758598726,4.929082915497323
img181.bmp,carnivaldolls.bmp,85.99580545278485,7.974021730323632
img182.bmp,coinsinfountain.bmp,40.352299151189534,5.899493866755317
img183.bmp,sailing3.bmp,6.916939669847388,4.242720709221127
img185.bmp,sailing2.bmp,14.884889320853098,5.958221857358391
img187.bmp,house.bmp,29.918572366378626,3.885193611495197
img191.bmp,womanhat.bmp,78.15701680889988,5.168282494957869
img192.bmp,flowersonih35.bmp,36.78304689591696,5.398876947738851
img193.bmp,caps.bmp,64.20563602792637,5.462769286202577
img194.bmp,churchandcapitol.bmp,71.78425770359317,6.210945220664144
img195.bmp,womanhat.bmp,5.069478056203863,4.728648943981777
img196.bmp,paintedhouse.bmp,62.73568208890111,4.339210469818984
img197.bmp,parrots.bmp,46.32614968909792,3.682332681802412
img198.bmp,churchandcapitol.bmp,9.47174568864986,6.066488386597484
img199.bmp,buildings.bmp,5.003953255961413,8.056975174695253
img200.bmp,manfishing.bmp,68.36853015382121,5.253579310451944
img201.bmp,flowersonih35.bmp,91.08313008268816,8.932913115248084
img202.bmp,lighthouse.bmp,75.76154338417216,4.231436346851599
img203.bmp,plane.bmp,41.03176709784689,5.70538533525784
img205.bmp,dancers.bmp,12.300226616537325,7.048613316069047
img208.bmp,monarch.bmp,48.46820552061156,4.9576002388106035
img210.bmp,paintedhouse.bmp,26.665408082124763,5.317986045149155
img211.bmp,lighthouse2.bmp,7.2053067303106335,4.307271747084087
img212.bmp,house.bmp,5.5443651518750485,4.327833151134352
img213.bmp,sailing1.bmp,76.06673091499994,4.754389532026835
img214.bmp,sailing1.bmp,7.692346791817004,4.154157024352268
img215.bmp,paintedhouse.bmp,73.31007213059178,4.863911950107043
img216.bmp,building2.bmp,12.116677268629225,7.373731836366157
img217.bmp,stream.bmp,10.13926391720382,4.516150593408383
img218.bmp,studentsculpture.bmp,67.96320399587412,7.591637411465247
img219.bmp,ocean.bmp,72.24909155691115,3.5555527340232707
img220.bmp,plane.bmp,70.83986290434612,6.094241685093341
img221.bmp,sailing4.bmp,64.72585217139644,4.740235930890776
img222.bmp,buildings.bmp,31.27751399241848,6.676837509342779
img225.bmp,bikes.bmp,82.73289778928405,8.3623679112643
img226.bmp,womanhat.bmp,55.52000519338216,4.304816143354401
img227.bmp,statue.bmp,70.88031632329826,5.446378002796943
img1.bmp,womanhat.bmp,52.92435457391396,3.223216745071113
img2.bmp,churchandcapitol.bmp,33.283198045948446,5.629972635768354
img4.bmp,churchandcapitol.bmp,87.8267449661924,6.278496696613729
img8.bmp,ocean.bmp,14.344775300339105,2.9112781274167596
img9.bmp,rapids.bmp,59.740324313494646,6.587523997295648
img11.bmp,statue.bmp,53.951334760512935,3.9629236548983804
img13.bmp,statue.bmp,-0.1946068687639695,4.008814692536059
img14.bmp,carnivaldolls.bmp,4.3268561206949565,6.030602865335014
img15.bmp,sailing4.bmp,41.36730112939379,4.211872182534232
img16.bmp,stream.bmp,47.802510847163155,4.685341494390741
img17.bmp,plane.bmp,4.495168881480339,4.930025201669196
img18.bmp,monarch.bmp,47.28587171756399,4.074843591699998
img21.bmp,churchandcapitol.bmp,50.1232463479616,4.701237843837589
img23.bmp,paintedhouse.bmp,79.95944789006505,4.522188829335694
img24.bmp,caps.bmp,12.56494613089226,4.358182077703532
img25.bmp,plane.bmp,35.4156346289015,4.946880884073228
img27.bmp,flowersonih35.bmp,34.315394671086715,5.081593404058367
img29.bmp,bikes.bmp,63.69072946989886,6.76023715455085
img30.bmp,ocean.bmp,6.601376948035168,3.9656203136605654
img32.bmp,parrots.bmp,33.49425871523598,4.169915760944908
img33.bmp,manfishing.bmp,42.614722076241115,4.915488112717867
img35.bmp,rapids.bmp,75.29290636099797,4.63826982723549
img36.bmp,building2.bmp,72.05750190482459,6.576687064332266
img37.bmp,sailing4.bmp,64.6263889750084,5.698771789020005
img38.bmp,sailing3.bmp,18.02857959226172,5.247875148896128
img39.bmp,dancers.bmp,50.40120766199397,6.241103654106458
img40.bmp,plane.bmp,12.654106278200905,4.937527171861196
img41.bmp,dancers.bmp,59.87396522983406,7.819701789153947
img43.bmp,buildings.bmp,41.47905246219578,7.47865644407769
img44.bmp,lighthouse.bmp,38.188770593920424,4.867307926097055
img45.bmp,studentsculpture.bmp,34.439397588231365,5.074025695833067
img46.bmp,cemetry.bmp,72.81442149222269,7.201156172487471
img47.bmp,sailing4.bmp,48.5281572537932,5.141618546486522
img49.bmp,coinsinfountain.bmp,32.754563027118,4.967179450516899
img50.bmp,house.bmp,57.08857633912255,4.69101934718977
img51.bmp,house.bmp,28.94499560527225,4.526992183042846
img53.bmp,studentsculpture.bmp,10.226303647528617,5.938957879164566
img55.bmp,cemetry.bmp,33.240480634782365,6.795545079227951
img56.bmp,paintedhouse.bmp,32.009866412702586,3.8142807272573314
img57.bmp,lighthouse.bmp,-2.640015016409613,3.6188220491737866
img58.bmp,woman.bmp,10.554131539493454,4.346517900397885
img59.bmp,studentsculpture.bmp,33.58553766172936,5.133266663101192
img60.bmp,building2.bmp,45.8290134752761,6.772986616628866
img61.bmp,dancers.bmp,9.1741835265355,6.460940540250805
img62.bmp,building2.bmp,67.8377118059761,7.413178097146253
img63.bmp,caps.bmp,30.00260877004913,5.18459047571135
img64.bmp,lighthouse2.bmp,3.2142639437019938,5.939218640476611
img65.bmp,woman.bmp,53.38597873417673,5.0336291289810715
img67.bmp,sailing2.bmp,21.662276200071243,3.6255586839591465
img69.bmp,lighthouse2.bmp,48.86921270308122,4.7164636614567526
img70.bmp,statue.bmp,-0.12771347553550072,4.726641085619728
img71.bmp,sailing1.bmp,16.917691044533527,3.8226875304438486
img72.bmp,parrots.bmp,12.004960528290615,3.698836960014887
img73.bmp,coinsinfountain.bmp,36.604170671940494,4.361772392100344
img74.bmp,flowersonih35.bmp,5.51411590094478,6.9290170884535955
img75.bmp,house.bmp,51.396037516206206,4.408495697154042
img77.bmp,bikes.bmp,53.2796828380246,6.321244260451446
img78.bmp,cemetry.bmp,72.32423365260935,8.626716937041945
img79.bmp,flowersonih35.bmp,89.53004585169111,6.347505576287706
img80.bmp,carnivaldolls.bmp,67.77811693105684,8.324430141597986
img81.bmp,bikes.bmp,43.03955573949191,8.22855726070702
img83.bmp,sailing3.bmp,28.507933641096496,3.8095941115558767
img84.bmp,buildings.bmp,46.14680872343399,6.586028500770529
img85.bmp,stream.bmp,64.18240178201884,4.9660742515698075
img86.bmp,lighthouse.bmp,42.57624280517876,4.404527281988218
img89.bmp,womanhat.bmp,36.28464855780785,4.445630895633561
img90.bmp,buildings.bmp,42.04320025216914,7.231273226439953
img91.bmp,paintedhouse.bmp,78.97568682896501,4.3968337355181575
img92.bmp,manfishing.bmp,48.374698862001935,5.406572632646809
img93.bmp,manfishing.bmp,58.58968413933341,5.5346113226842135
img94.bmp,monarch.bmp,14.62195076567486,7.012237406956653
img96.bmp,monarch.bmp,3.9212125972238567,5.552321736002341
img97.bmp,lighthouse2.bmp,5.308643571535106,4.543025636524059
img98.bmp,ocean.bmp,19.871604986952036,3.3436874336451488
img99.bmp,sailing2.bmp,42.27140041690989,4.9838069755739225
img100.bmp,stream.bmp,81.2026938220347,4.664482353099932
img101.bmp,coinsinfountain.bmp,10.252515880885852,5.082144796537857
img102.bmp,sailing1.bmp,14.726130517984881,5.840220212692657
img103.bmp,parrots.bmp,37.78061796136218,4.495141391952832
img104.bmp,carnivaldolls.bmp,67.40278120147042,7.5138827711343765
img105.bmp,caps.bmp,33.96635629198161,4.989492277925213
img106.bmp,sailing1.bmp,3.2197367648266635,2.973573533553766
img107.bmp,womanhat.bmp,25.838179142983087,3.9341360237449408
img108.bmp,sailing3.bmp,53.61612003847755,4.7369903032667935
img110.bmp,rapids.bmp,40.31319279513049,3.9327148775725314
img111.bmp,sailing2.bmp,36.93677274719239,3.5254622297361493
img116.bmp,woman.bmp,8.406881996436613,3.139064739138121
img117.bmp,cemetry.bmp,24.492692678265385,7.353430902585387
img119.bmp,dancers.bmp,36.46779215661733,6.406012715150912
img120.bmp,house.bmp,13.720589197831565,3.6672716975638955
img121.bmp,sailing1.bmp,46.66155445738275,4.350954098859802
img124.bmp,sailing2.bmp,91.8585232966015,4.788434620325764
img126.bmp,caps.bmp,91.83072941409384,4.768616155876468
img127.bmp,studentsculpture.bmp,90.06909938102646,6.5131609129409
img128.bmp,cemetry.bmp,52.32392778595445,7.339616258939107
img129.bmp,coinsinfountain.bmp,76.55613665524052,5.126672580993424
img130.bmp,statue.bmp,11.018019466557467,3.2603046636407575
img131.bmp,lighthouse.bmp,89.84228100588447,5.302544185658917
img132.bmp,churchandcapitol.bmp,11.715638159970881,5.956159856170416
img134.bmp,flowersonih35.bmp,72.35535092106369,6.01585319172591
img135.bmp,manfishing.bmp,8.62310279882778,5.824825003510341
img137.bmp,stream.bmp,9.808299742983456,3.9986684580411143
img138.bmp,womanhat.bmp,94.52975239220281,4.593132049466173
img141.bmp,lighthouse2.bmp,14.731573993200831,4.189681736570492
img143.bmp,ocean.bmp,6.837113454327478,4.234732170451632
img144.bmp,sailing2.bmp,8.547930933970449,5.010935005964711
img145.bmp,sailing3.bmp,100.24091440063673,4.967785853116463
img146.bmp,rapids.bmp,26.185666958535705,3.958575328346342
img147.bmp,house.bmp,100.91708991281492,4.6435879862401634
img148.bmp,manfishing.bmp,92.90511853394918,5.837267119592677
img149.bmp,parrots.bmp,63.468634087583865,3.988245299939687
img150.bmp,woman.bmp,27.26197443015057,4.526120061268254
img151.bmp,house.bmp,8.066866303180433,5.494045388952752
img152.bmp,paintedhouse.bmp,55.044428947894275,4.471794362994842
img154.bmp,womanhat.bmp,97.50877362944289,5.146884782627846
img156.bmp,ocean.bmp,59.64918850292218,3.188411470987679
img157.bmp,buildings.bmp,13.703159478546445,6.587641765363514
img159.bmp,caps.bmp,91.34350033825855,4.5135372973357635
img160.bmp,house.bmp,95.51848457226141,4.349213602409388
img161.bmp,lighthouse.bmp,90.43420904041339,4.55758086797626
img162.bmp,buildings.bmp,88.14234661943544,7.891280335684617
img163.bmp,buildings.bmp,28.82198937397437,7.216119894757867
img164.bmp,ocean.bmp,108.77257436149551,3.0699245946016163
img165.bmp,plane.bmp,58.33517061917775,5.848289207642665
img166.bmp,sailing4.bmp,95.0385986077363,5.084244469025482
img167.bmp,woman.bmp,75.99002346051728,4.716602343095777
img168.bmp,womanhat.bmp,11.312092615683751,5.637761656815807
img170.bmp,monarch.bmp,83.55329291418636,5.810156870555754
img171.bmp,building2.bmp,18.143107738796367,5.870178167087336
img174.bmp,manfishing.bmp,19.465821038563053,6.237872893922031
img175.bmp,sailing1.bmp,70.5024438489717,4.426235098042525
img176.bmp,carnivaldolls.bmp,90.00784725087408,9.499311693012714
img177.bmp,sailing2.bmp,89.89062469317183,5.7234932370483875
img178.bmp,monarch.bmp,25.22278582613156,5.787691302636328
img180.bmp,studentsculpture.bmp,91.24663994961544,7.003429218505819
img181.bmp,lighthouse2.bmp,78.16782270134613,3.4201787339601046
img183.bmp,bikes.bmp,84.88609788754107,6.424250891432166
img184.bmp,coinsinfountain.bmp,92.5252089512462,5.9293368471165495
img185.bmp,stream.bmp,26.71821304692204,5.748166866212462
img186.bmp,dancers.bmp,89.23441705756257,6.361757679945892
img187.bmp,dancers.bmp,91.61747826509418,6.938150834292173
img188.bmp,bikes.bmp,83.0335894331227,6.326090933134158
img192.bmp,building2.bmp,93.03653291816838,6.727736730438967
img194.bmp,ocean.bmp,34.60644513743412,4.275456059808978
img195.bmp,churchandcapitol.bmp,97.24677520689924,7.829091509493689
img196.bmp,parrots.bmp,91.59067046472401,4.861575117179503
img197.bmp,sailing4.bmp,94.63456567363843,5.036799142835662
img198.bmp,flowersonih35.bmp,16.644122962021108,5.531329940306023
img199.bmp,rapids.bmp,95.80804387069,5.2936387616985785
img200.bmp,studentsculpture.bmp,63.30761338204381,5.9462446059721215
img201.bmp,plane.bmp,88.92048271630968,4.917337092959012
img203.bmp,bikes.bmp,28.5502551905385,5.90776231388251
img204.bmp,buildings.bmp,89.6422329700044,8.283896630940339
img205.bmp,building2.bmp,88.22093282138451,8.4106853712971
img206.bmp,sailing3.bmp,11.739931694595015,3.311328669456998
img207.bmp,caps.bmp,70.02463837460914,4.388107535429299
img209.bmp,monarch.bmp,88.77366918617132,5.967576796111341
img210.bmp,sailing1.bmp,97.4281023182101,5.049039923663561
img213.bmp,cemetry.bmp,85.98716482193281,7.819504908389515
img214.bmp,sailing4.bmp,14.430548416582262,5.389089688891545
img215.bmp,paintedhouse.bmp,102.70082156574152,4.300453243078664
img216.bmp,carnivaldolls.bmp,20.934069322543586,6.514631715499693
img217.bmp,stream.bmp,101.27286341299556,5.921888511938353
img218.bmp,statue.bmp,92.65269870718299,3.720581411384046
img220.bmp,woman.bmp,88.66925863108537,5.841776263162804
img221.bmp,statue.bmp,93.81353439730438,4.2520902411391335
img223.bmp,sailing3.bmp,99.9719981674867,5.42877508730938
img225.bmp,building2.bmp,32.713131566176116,7.240159059253831
img226.bmp,bikes.bmp,17.780629548804892,5.968673614319414
img228.bmp,paintedhouse.bmp,15.783100447893545,3.385659671466177
img229.bmp,flowersonih35.bmp,73.10480214469187,5.326472845238944
img230.bmp,coinsinfountain.bmp,90.88434462872809,5.464747469406575
img231.bmp,lighthouse.bmp,13.033490455438153,5.917536440271988
img232.bmp,lighthouse2.bmp,93.19974618228805,4.93045791828384
img233.bmp,parrots.bmp,87.78082391853037,5.462231724988669
img1.bmp,monarch.bmp,29.046539717856692,5.489994878512031
img2.bmp,stream.bmp,64.7619409950328,5.666352823376656
img3.bmp,womanhat.bmp,44.781930707656905,5.417277732475971
img4.bmp,buildings.bmp,105.36416799729716,20.597413798173267
img5.bmp,sailing3.bmp,18.148429410111877,3.481080135136532
img6.bmp,lighthouse2.bmp,28.910343961732284,4.049825604209521
img7.bmp,woman.bmp,67.62651762533173,6.415653207028906
img8.bmp,coinsinfountain.bmp,15.537140817336704,4.634666269334654
img9.bmp,cemetry.bmp,63.02744749154707,9.703217615683874
img10.bmp,plane.bmp,33.4482460351677,5.1339534701401135
img11.bmp,womanhat.bmp,23.03858179465982,4.288818054987739
img12.bmp,sailing2.bmp,46.191362019861835,4.125486153876409
img13.bmp,churchandcapitol.bmp,21.927888248041906,5.911324334951739
img14.bmp,carnivaldolls.bmp,14.775415943838567,7.704810474481848
img15.bmp,dancers.bmp,93.91355403240952,17.71917164325714
img16.bmp,studentsculpture.bmp,40.79594818906652,7.619902959403892
img17.bmp,monarch.bmp,51.40668483117005,5.49904152393962
img18.bmp,churchandcapitol.bmp,35.32176832792063,5.002474231024583
img19.bmp,studentsculpture.bmp,13.494986288484716,6.1447870486105485
img20.bmp,churchandcapitol.bmp,111.7746935263145,19.980959556996822
img21.bmp,ocean.bmp,61.68100151802293,4.144492710086827
img22.bmp,parrots.bmp,29.05160906556435,4.476750308414921
img23.bmp,cemetry.bmp,109.62708401221435,19.491126345263588
img24.bmp,coinsinfountain.bmp,94.03481633826048,17.6446197728316
img25.bmp,statue.bmp,49.834234045635604,3.705167868640274
img26.bmp,paintedhouse.bmp,61.62614194844081,6.265851735292624
img27.bmp,dancers.bmp,47.72741274693893,5.650650431712468
img28.bmp,womanhat.bmp,58.410455839845966,3.7683247722840556
img29.bmp,bikes.bmp,74.63568549300159,11.014711434642473
img30.bmp,dancers.bmp,33.19702721082979,6.044043953116569
img31.bmp,coinsinfountain.bmp,27.514599031681424,6.721233283053152
img32.bmp,lighthouse2.bmp,60.279653917465154,5.114287401859959
img33.bmp,woman.bmp,102.7236854663197,17.298768274486065
img34.bmp,monarch.bmp,94.4100904010743,17.50437107185523
img35.bmp,woman.bmp,38.08779776015425,3.3224868180501894
img36.bmp,building2.bmp,71.21218202942677,10.494208550701538
img37.bmp,manfishing.bmp,28.61718835941552,6.277812893114363
img38.bmp,house.bmp,66.53165048509287,6.394370003913839
img39.bmp,paintedhouse.bmp,71.76021293669349,8.859580993031463
img40.bmp,lighthouse.bmp,48.059938845028476,4.473923899815418
img41.bmp,manfishing.bmp,100.23878414456692,20.197692240277927
img42.bmp,ocean.bmp,107.65033077751622,15.905395776033401
img43.bmp,lighthouse.bmp,20.295948373068647,3.889848310080803
img44.bmp,studentsculpture.bmp,72.84561785296995,11.608578118185202
img45.bmp,cemetry.bmp,26.989633874164532,5.968995731116997
img46.bmp,buildings.bmp,37.34149613580173,7.441443117956321
img47.bmp,carnivaldolls.bmp,104.4080160510155,20.516366047991646
img48.bmp,building2.bmp,34.5029166994517,7.112332167414327
img49.bmp,flowersonih35.bmp,75.24580813266999,9.026188931738337
img50.bmp,dancers.bmp,79.43613206888192,13.874124710758528
img51.bmp,dancers.bmp,73.83502971471134,8.81412179933654
img52.bmp,sailing1.bmp,97.51209513726755,16.68351774911086
img53.bmp,flowersonih35.bmp,95.34370094075176,15.016694284975529
img54.bmp,house.bmp,20.5274846951256,5.9579436990122
img55.bmp,statue.bmp,36.47563691526853,3.103067504319673
img56.bmp,sailing1.bmp,35.64458484067259,3.796672662225319
img57.bmp,studentsculpture.bmp,97.69957653577356,17.307868090768654
img58.bmp,sailing3.bmp,106.3698573635383,18.13383163015048
img59.bmp,manfishing.bmp,11.037306278232426,6.470463975798339
img60.bmp,womanhat.bmp,97.6569824141498,16.619254752993584
img61.bmp,buildings.bmp,78.47085391287106,14.132708004365364
img62.bmp,churchandcapitol.bmp,62.92970737500086,6.51452084009846
img63.bmp,cemetry.bmp,41.035510546118466,8.727182319594753
img64.bmp,caps.bmp,18.611094569023106,4.249544420007926
img65.bmp,cemetry.bmp,70.94998870953438,10.639824252989557
img66.bmp,lighthouse.bmp,99.45910509660351,17.718665110568207
img67.bmp,parrots.bmp,47.448425404325114,3.9778487171667316
img68.bmp,bikes.bmp,45.8290789858312,5.611015614587814
img69.bmp,parrots.bmp,61.6158088994382,5.81009911869963
img70.bmp,house.bmp,41.31695798429712,4.227787713636644
img71.bmp,carnivaldolls.bmp,63.45931896527788,7.7577239283257065
img72.bmp,flowersonih35.bmp,45.00432810746642,6.043342892507401
img73.bmp,manfishing.bmp,69.02754430690878,9.312711580346027
img74.bmp,rapids.bmp,54.62805994606418,5.8040971253067255
img75.bmp,parrots.bmp,15.271352054362955,4.503664440397794
img76.bmp,sailing1.bmp,20.007483290527425,6.604754856380168
img77.bmp,rapids.bmp,94.20486814584288,16.991024514039356
img78.bmp,plane.bmp,15.388646901982973,5.259577157181411
img79.bmp,sailing1.bmp,55.06753054284376,4.843752162220578
img80.bmp,caps.bmp,97.26947157983709,16.686400644481182
img81.bmp,sailing2.bmp,21.61052934761817,4.090255969398034
img82.bmp,monarch.bmp,21.19528302848048,5.043226825616633
img83.bmp,house.bmp,71.54037129415151,9.265394169837236
img84.bmp,sailing3.bmp,31.24987494201788,2.8723157038136073
img85.bmp,statue.bmp,13.666943331193623,4.348819750865611
img86.bmp,sailing4.bmp,57.39305471032276,5.303460097871721
img87.bmp,bikes.bmp,105.10166413396246,17.92089927693208
img88.bmp,stream.bmp,39.10614097745931,4.162714520934969
img89.bmp,sailing3.bmp,57.538603283146436,3.8680628715083003
img90.bmp,carnivaldolls.bmp,39.71346655802711,7.72771107736561
img91.bmp,statue.bmp,67.19437758924813,6.959359599898259
img92.bmp,coinsinfountain.bmp,69.06535116986018,8.543597001582384
img93.bmp,churchandcapitol.bmp,73.54583611585835,8.707020270327726
img94.bmp,paintedhouse.bmp,106.81758994591208,17.411425766845543
img95.bmp,bikes.bmp,23.508406616286702,5.381779844950263
img96.bmp,lighthouse.bmp,69.26005385452565,5.262158968796332
img97.bmp,bikes.bmp,65.70698388517809,10.43385132898887
img98.bmp,woman.bmp,13.266839820800245,3.946333453951714
img99.bmp,ocean.bmp,12.13783390983034,3.3120742430037353
img100.bmp,sailing4.bmp,38.59568763401872,7.443319238373078
img101.bmp,rapids.bmp,11.166482886698198,5.176641559655157
img102.bmp,building2.bmp,50.194325232236274,6.054574018965165
img103.bmp,buildings.bmp,22.88487105130493,7.268367274974783
img104.bmp,parrots.bmp,99.6615285081197,17.227895088493824
img105.bmp,plane.bmp,93.86859240789695,17.729028212527435
img106.bmp,stream.bmp,77.63344919424672,9.608124962076545
img107.bmp,rapids.bmp,33.63370982301589,4.489480003520536
img108.bmp,lighthouse2.bmp,55.535575649060156,5.147124039474875
img109.bmp,house.bmp,58.66034224093096,5.49610931162412
img110.bmp,caps.bmp,51.67024428176386,6.091576520372958
img111.bmp,paintedhouse.bmp,43.29801630982693,5.53878507623449
img112.bmp,studentsculpture.bmp,62.69095740904541,8.368718979259333
img113.bmp,sailing2.bmp,97.92469225647717,17.722930997610092
img114.bmp,lighthouse.bmp,35.707955518206724,3.120983894891348
img115.bmp,woman.bmp,57.98572759381551,5.959946785432597
img116.bmp,rapids.bmp,67.4653416344695,9.510504625116786
img117.bmp,sailing2.bmp,28.79734485795999,4.472074983641505
img118.bmp,ocean.bmp,37.944107183148475,5.023529754097884
img119.bmp,womanhat.bmp,65.07828999287852,4.335048197923849
img120.bmp,ocean.bmp,69.44972429947218,5.760730424275001
img121.bmp,building2.bmp,76.0908192258521,12.90515406926473
img122.bmp,flowersonih35.bmp,70.58976221156999,7.772188690801461
img123.bmp,sailing3.bmp,63.306300492801284,4.926328428400059
img124.bmp,coinsinfountain.bmp,61.46371806749249,7.363026126598318
img125.bmp,lighthouse2.bmp,15.99846593228188,4.668226024260245
img126.bmp,sailing4.bmp,63.70334289249129,5.709922527273496
img127.bmp,sailing4.bmp,15.147108587135826,4.139096665734542
img128.bmp,sailing2.bmp,62.99129769303974,4.831022982485592
img129.bmp,plane.bmp,64.69701933079591,6.553017174669852
img130.bmp,buildings.bmp,70.50327694656923,10.896446956942478
img131.bmp,stream.bmp,89.07333452953819,11.523449367533127
img132.bmp,caps.bmp,38.08510135616129,3.991788209901036
img133.bmp,flowersonih35.bmp,13.772809998423078,4.917926276219077
img134.bmp,sailing4.bmp,70.6450297294693,11.444585631291071
img135.bmp,carnivaldolls.bmp,67.63968110982358,8.14614401343796
img136.bmp,building2.bmp,106.17335732260668,17.90434530377388
img137.bmp,lighthouse2.bmp,102.01544839638245,16.886829962333042
img138.bmp,stream.bmp,22.149317346230504,3.8405301886765906
img139.bmp,plane.bmp,52.698631554354684,7.179809241807864
img140.bmp,monarch.bmp,65.20626170587539,8.38699285686016
img141.bmp,sailing1.bmp,64.80613405230143,6.444163631026943
img142.bmp,paintedhouse.bmp,23.36593263189477,6.738372210840073
img143.bmp,manfishing.bmp,61.988534064946954,6.7601207528884215
img144.bmp,caps.bmp,63.45183048855342,4.885910738414775
img145.bmp,statue.bmp,98.27070283202306,16.265709442396957
img1.bmp,caps.bmp,42.12776536144956,4.307651301457857
img2.bmp,churchandcapitol.bmp,37.46272032254694,7.203976942536731
img3.bmp,monarch.bmp,43.26456018535141,6.939860157901421
img4.bmp,lighthouse.bmp,19.510097084325167,4.992305418044755
img5.bmp,plane.bmp,72.82942220542719,7.945153090210321
img6.bmp,carnivaldolls.bmp,54.79584980310996,8.552904550400045
img7.bmp,buildings.bmp,28.45923879344707,8.996904238437613
img8.bmp,building2.bmp,28.18091287230873,7.8135559155295295
img9.bmp,rapids.bmp,23.835066695034218,6.218843529854591
img10.bmp,sailing2.bmp,89.72374712250675,9.354385171861699
img11.bmp,monarch.bmp,83.26954044809331,10.24111740035005
img12.bmp,parrots.bmp,23.747800588472252,4.801431842924406
img13.bmp,cemetry.bmp,30.514445202895608,6.6403963814179106
img14.bmp,manfishing.bmp,33.317365184485546,6.549223052803427
img15.bmp,lighthouse.bmp,43.371393473652745,5.963140119347372
img16.bmp,manfishing.bmp,63.38193548306186,7.028652841535707
img17.bmp,rapids.bmp,88.2534145757322,8.378099343118569
img18.bmp,stream.bmp,32.28879443889066,4.603151840778689
img19.bmp,coinsinfountain.bmp,53.1730822979176,5.983635374344885
img20.bmp,studentsculpture.bmp,41.4683726766827,6.867789680759112
img21.bmp,dancers.bmp,39.157564151102406,7.219343393213219
img22.bmp,coinsinfountain.bmp,47.539839513629076,8.11888310344269
img23.bmp,paintedhouse.bmp,19.81956588915427,4.747853024397045
img24.bmp,lighthouse.bmp,93.40865465910048,9.588627438410185
img25.bmp,building2.bmp,60.859089080309566,10.85379582333068
img26.bmp,bikes.bmp,43.117522915460356,7.41811307022969
img27.bmp,carnivaldolls.bmp,32.455334690240214,8.118317223257488
img28.bmp,caps.bmp,22.96359302071471,6.22719774467987
img29.bmp,rapids.bmp,29.707112621076355,5.3313430702934665
img30.bmp,plane.bmp,50.782891102956455,6.610104200663045
img31.bmp,parrots.bmp,52.1680931480972,5.445695370901376
img32.bmp,coinsinfountain.bmp,20.42170138535499,4.502587997665008
img33.bmp,building2.bmp,37.06966908699679,7.767767179757357
img34.bmp,rapids.bmp,46.758614937312146,5.5250804120053845
img35.bmp,sailing1.bmp,29.946921048434998,6.881590557061524
img36.bmp,womanhat.bmp,49.3887315611896,5.955198347102851
img37.bmp,monarch.bmp,55.798596971221905,7.794020136430238
img38.bmp,studentsculpture.bmp,49.57258124925822,6.964801084871094
img39.bmp,paintedhouse.bmp,35.163418897152994,4.294189096428454
img40.bmp,bikes.bmp,59.72797575732214,9.692661089201769
img41.bmp,dancers.bmp,64.24080369440135,10.87320445643531
img42.bmp,womanhat.bmp,37.61345259412877,4.397025272366591
img43.bmp,sailing2.bmp,41.362983897295436,5.399102761332567
img44.bmp,studentsculpture.bmp,26.588236919388127,5.83035473835965
img45.bmp,buildings.bmp,21.680338672475234,7.753266181175907
img46.bmp,sailing1.bmp,21.371735741278783,3.9857503885092833
img47.bmp,manfishing.bmp,48.37779845595415,7.205406618614991
img48.bmp,sailing2.bmp,57.040994158487464,7.035289560755094
img49.bmp,house.bmp,35.511076424494355,5.160625053530869
img50.bmp,stream.bmp,46.66501375774308,6.484801582681636
img51.bmp,dancers.bmp,21.90766424535399,6.605700063208739
img52.bmp,carnivaldolls.bmp,68.54058128580095,9.216081695424187
img53.bmp,lighthouse2.bmp,59.567814555450866,6.582315863265346
img54.bmp,statue.bmp,59.07594073978924,6.493448941968381
img55.bmp,lighthouse2.bmp,50.30002190258614,5.275414538288412
img56.bmp,parrots.bmp,37.036638061343275,5.21734120681261
img57.bmp,ocean.bmp,53.61327167321998,3.9625719575366625
img58.bmp,stream.bmp,72.8739493156902,7.801617577982445
img59.bmp,carnivaldolls.bmp,43.22494778304786,7.1956802813543215
img60.bmp,bikes.bmp,20.19888494169012,5.837347990522782
img61.bmp,womanhat.bmp,26.8104249250671,3.56688411613383
img62.bmp,buildings.bmp,33.289587739887395,8.545917517195145
img63.bmp,plane.bmp,18.638782031279455,4.400341745989863
img64.bmp,woman.bmp,38.730110284620814,4.85311319368581
img65.bmp,flowersonih35.bmp,41.545771647487356,7.90237308293581
img66.bmp,churchandcapitol.bmp,58.912491454882996,8.635849049935738
img67.bmp,manfishing.bmp,22.83897810739422,5.789330517950778
img68.bmp,woman.bmp,64.7162926008737,5.803379935678095
img69.bmp,parrots.bmp,79.75902400389953,6.3149996628829586
img70.bmp,caps.bmp,75.36497201033434,4.604163479292765
img71.bmp,stream.bmp,20.38173195806504,4.950489583813275
img72.bmp,sailing2.bmp,47.86237098807869,5.479136653787767
img73.bmp,buildings.bmp,60.10697150963521,12.446581687157353
img74.bmp,sailing1.bmp,40.949530324420536,5.5424953002172215
img75.bmp,lighthouse2.bmp,42.418404613662226,6.548199970090839
img76.bmp,sailing4.bmp,40.31616322660909,5.14513785624149
img77.bmp,statue.bmp,40.772537684251255,6.109254104395707
img78.bmp,manfishing.bmp,67.58397974933878,8.876249549910426
img79.bmp,sailing3.bmp,38.20797002000904,6.337454952610035
img80.bmp,building2.bmp,42.393658246536816,8.98171248783668
img81.bmp,paintedhouse.bmp,46.51061125048729,6.312812977004796
img82.bmp,womanhat.bmp,21.322050993497648,3.4243431735473373
img83.bmp,cemetry.bmp,64.73522264796104,10.763663747244411
img84.bmp,sailing2.bmp,26.21419093598192,5.156134809988241
img85.bmp,flowersonih35.bmp,56.26738404397514,7.961827338983615
img86.bmp,plane.bmp,37.33774883126228,4.6989226580481045
img87.bmp,flowersonih35.bmp,38.07307012751651,6.830621296229462
img88.bmp,caps.bmp,65.58275601959906,4.892188982999262
img89.bmp,sailing4.bmp,30.699919723279706,5.758367295182931
img90.bmp,flowersonih35.bmp,20.69642513725109,5.733264348004013
img91.bmp,churchandcapitol.bmp,48.86374565914097,8.322501705338558
img92.bmp,ocean.bmp,22.85851059949997,3.784862826403696
img93.bmp,dancers.bmp,45.65407108816057,8.261558776100477
img94.bmp,house.bmp,24.308644535333123,5.982506181443266
img95.bmp,carnivaldolls.bmp,17.156424264142174,7.964136801660061
img96.bmp,monarch.bmp,21.419440237228148,5.841092068934813
img97.bmp,lighthouse.bmp,52.89921636764908,6.469520863945945
img98.bmp,statue.bmp,26.937979341146512,4.313254285293321
img99.bmp,woman.bmp,59.437682432751856,5.689616111960883
img100.bmp,studentsculpture.bmp,55.990997227875106,8.519983001053333
img101.bmp,coinsinfountain.bmp,26.079483169620147,5.294573793498178
img102.bmp,lighthouse.bmp,33.02457411335329,4.373060144075377
img103.bmp,monarch.bmp,41.62202095479563,7.220867844453703
img104.bmp,churchandcapitol.bmp,90.83144264010387,13.091153147009512
img105.bmp,parrots.bmp,69.29558963921917,6.865607063441227
img106.bmp,ocean.bmp,27.43814252019736,4.516321565790956
img107.bmp,flowersonih35.bmp,73.06324854706611,10.78419524927934
img108.bmp,studentsculpture.bmp,20.98121105422193,6.13896525457191
img109.bmp,cemetry.bmp,43.64868973704411,8.401062030759123
img110.bmp,paintedhouse.bmp,43.59300169983794,5.360177627919863
img111.bmp,sailing3.bmp,25.460838626161923,3.7080547322984785
img112.bmp,bikes.bmp,29.841330546597327,6.266560923308134
img113.bmp,house.bmp,45.10971717685528,6.877100413975616
img114.bmp,sailing3.bmp,52.28325784113922,4.714580217376351
img115.bmp,caps.bmp,57.78121193545228,4.7120575690642
img116.bmp,paintedhouse.bmp,86.27444720136724,8.114532738613585
img117.bmp,ocean.bmp,84.55564220108053,4.601959589558343
img118.bmp,lighthouse2.bmp,70.26112633028697,7.443281935547323
img119.bmp,ocean.bmp,40.38463431058607,4.144808238896076
img120.bmp,statue.bmp,71.84453613923938,5.485389640554786
img121.bmp,sailing4.bmp,74.66704277991492,6.910775016973882
img122.bmp,house.bmp,38.00905599942657,5.136550554229568
img123.bmp,coinsinfountain.bmp,61.34681958598289,8.44047120337685
img124.bmp,sailing3.bmp,64.71710859945146,5.605359878856689
img125.bmp,sailing1.bmp,68.01663301489151,5.43101966730319
img126.bmp,stream.bmp,36.500022232692096,7.039997713950773
img127.bmp,sailing4.bmp,53.3056408516122,7.144056100359497
img128.bmp,dancers.bmp,58.029157650362365,10.079158776336246
img129.bmp,bikes.bmp,29.31846908583694,7.981778655201197
img130.bmp,sailing1.bmp,49.54061655633064,3.94767640287561
img131.bmp,statue.bmp,55.58421109930024,5.597740172718962
img132.bmp,womanhat.bmp,64.12525460567022,5.7165265359605355
img133.bmp,lighthouse2.bmp,24.912863617628588,4.248388372778815
img134.bmp,buildings.bmp,48.9556445410761,10.550151279817024
img135.bmp,cemetry.bmp,47.96322103017179,8.898607599238554
img136.bmp,sailing4.bmp,30.421692883229102,5.854326340874347
img137.bmp,building2.bmp,17.750595646159454,7.189295680572589
img138.bmp,house.bmp,73.01791251884717,5.825246736872941
img139.bmp,plane.bmp,64.55945570551016,7.484740941552445
img140.bmp,woman.bmp,39.758967595843245,3.5074668364832178
img141.bmp,rapids.bmp,56.674484592012575,5.831215787523736
img142.bmp,churchandcapitol.bmp,30.519428175117486,7.592823935051759
img143.bmp,cemetry.bmp,33.84223042572021,7.493815734154648
img144.bmp,sailing3.bmp,72.07038503902244,6.4421567539684474
img145.bmp,woman.bmp,22.31027731867567,4.493048107872407
img1.bmp,coinsinfountain.bmp,75.69834484894027,6.50665367829303
img2.bmp,coinsinfountain.bmp,72.38923371278747,7.1333731620882945
img3.bmp,coinsinfountain.bmp,70.14186312814755,8.549429594539106
img4.bmp,coinsinfountain.bmp,21.236876374403256,6.012098241442193
img5.bmp,coinsinfountain.bmp,13.035300360483568,6.011491695341344
img6.bmp,ocean.bmp,61.918847069988395,3.673893293249421
img7.bmp,ocean.bmp,51.55241265731182,2.7597409714750634
img8.bmp,ocean.bmp,83.14840637381712,3.8325294752527648
img9.bmp,ocean.bmp,63.12396333336599,3.7239081488611796
img10.bmp,ocean.bmp,5.932762842632152,3.3058349355172445
img11.bmp,statue.bmp,72.19553583563231,5.169686298662175
img12.bmp,statue.bmp,46.15722197754743,4.282723154950266
img13.bmp,statue.bmp,10.620057478684009,3.842819836883185
img14.bmp,statue.bmp,19.717544269834335,6.32450025396732
img15.bmp,statue.bmp,10.833354821743226,4.038083218309718
img16.bmp,dancers.bmp,65.82497819643346,8.227456635899014
img17.bmp,dancers.bmp,54.373331274324045,8.234222701026333
img18.bmp,dancers.bmp,81.0179705378508,12.27300432489978
img19.bmp,dancers.bmp,41.92217758138109,8.17331551346514
img20.bmp,dancers.bmp,22.00058839495432,6.875319625561436
img21.bmp,paintedhouse.bmp,78.39976353763906,7.680745094548911
img22.bmp,paintedhouse.bmp,62.589208895964546,5.055472880136222
img23.bmp,paintedhouse.bmp,47.03150565208161,4.765558343768741
img24.bmp,paintedhouse.bmp,54.39350290165264,5.883287413200985
img25.bmp,paintedhouse.bmp,13.64960869971246,5.0761423012396945
img26.bmp,stream.bmp,67.11403306513637,6.513427804224193
img27.bmp,stream.bmp,10.904306643436376,4.166391659081758
img28.bmp,stream.bmp,15.804461414590348,3.6950669242069125
img29.bmp,stream.bmp,16.145172839516636,6.67914100868317
img30.bmp,stream.bmp,7.247282319675263,5.5476418872131035
img31.bmp,bikes.bmp,99.5865134868696,13.387278383597732
img32.bmp,bikes.bmp,52.327717808871576,5.5408795837623375
img33.bmp,bikes.bmp,33.16214637834979,4.930234742118046
img34.bmp,bikes.bmp,10.492456034882686,6.534966732763375
img35.bmp,bikes.bmp,48.840839515922575,7.349461310232679
img36.bmp,flowersonih35.bmp,54.765028895706614,7.7511363470306
img37.bmp,flowersonih35.bmp,95.77409374141651,12.889353304480514
img38.bmp,flowersonih35.bmp,30.780235338582468,6.63150535733439
img39.bmp,flowersonih35.bmp,34.07425249043993,6.322771658810477
img40.bmp,flowersonih35.bmp,16.429121525519587,5.52018829213921
img41.bmp,parrots.bmp,47.90779725297225,5.514582404245933
img42.bmp,parrots.bmp,58.41939049817109,4.756319200775276
img43.bmp,parrots.bmp,7.234500306160264,5.133656004366155
img44.bmp,parrots.bmp,20.695027475202703,4.488147685925166
img45.bmp,parrots.bmp,3.3916336118871087,5.267072553280741
img46.bmp,studentsculpture.bmp,84.35398937606175,10.614647867778936
img47.bmp,studentsculpture.bmp,99.04090626921534,11.297708559160432
img48.bmp,studentsculpture.bmp,57.11706071800261,7.57529687633117
img49.bmp,studentsculpture.bmp,13.315534024440112,7.876947712308417
img50.bmp,studentsculpture.bmp,14.48061675032668,6.756471334956586
img51.bmp,building2.bmp,84.84405450844739,11.448426969970265
img52.bmp,building2.bmp,102.67047076529366,12.664142929017544
img53.bmp,building2.bmp,49.21986908481058,6.141131817673643
img54.bmp,building2.bmp,11.099089191674402,7.0507503701373935
img55.bmp,building2.bmp,16.0834094198751,6.3044109662684304
img56.bmp,plane.bmp,49.8049500050861,4.97423743266457
img57.bmp,plane.bmp,76.03556974499287,7.03610573487822
img58.bmp,plane.bmp,95.95778317943883,8.299310212489218
img59.bmp,plane.bmp,9.426468350910561,4.408768545315979
img60.bmp,plane.bmp,14.523194856047587,4.23806977310475
img61.bmp,woman.bmp,75.73546444515758,6.254756546967353
img62.bmp,woman.bmp,73.80284324741564,5.328353418968618
img63.bmp,woman.bmp,20.51066156621876,4.883088840598551
img64.bmp,woman.bmp,10.139030733080304,3.717442989242651
img65.bmp,woman.bmp,87.90972369286591,5.9457981771944715
img66.bmp,buildings.bmp,59.22040878496258,9.885539319366217
img67.bmp,buildings.bmp,73.46184832990366,12.080299256369472
img68.bmp,buildings.bmp,69.5058791325869,11.079095038274923
img69.bmp,buildings.bmp,89.79611578262838,14.501872588569919
img70.bmp,buildings.bmp,8.049363347373571,6.541483731319507
img71.bmp,house.bmp,97.87628555010909,7.274396129728605
img72.bmp,house.bmp,22.841368890743226,5.198716974933632
img73.bmp,house.bmp,36.83680677608689,5.99558870238252
img74.bmp,house.bmp,11.021255348207085,4.924411581130698
img75.bmp,house.bmp,10.886885674413486,5.529032625005736
img76.bmp,rapids.bmp,97.93005426044192,9.823598912451416
img77.bmp,rapids.bmp,46.613976912731225,7.107050964298348
img78.bmp,rapids.bmp,45.771721280740564,5.083885950734839
img79.bmp,rapids.bmp,57.0121131162158,5.559335904661566
img80.bmp,rapids.bmp,6.827347477667607,4.233162062941119
img81.bmp,womanhat.bmp,48.85321204142524,4.164680864564919
img82.bmp,womanhat.bmp,41.63170220029613,3.40529509265131
img83.bmp,womanhat.bmp,24.486863891147017,4.378478962016136
img84.bmp,womanhat.bmp,19.021435287056374,5.047263869608287
img85.bmp,womanhat.bmp,54.56990823000828,3.844661741381666
img86.bmp,caps.bmp,90.82715103470836,5.85391235173059
img87.bmp,caps.bmp,75.4497233129303,4.630358998004037
img88.bmp,caps.bmp,59.17259106737625,5.681763946621989
img89.bmp,caps.bmp,31.059871906202826,5.510352733001734
img90.bmp,caps.bmp,45.10596694497139,3.327046940336004
img91.bmp,lighthouse.bmp,55.63083463174906,5.754069553023631
img92.bmp,lighthouse.bmp,81.44321011813874,7.214086622493293
img93.bmp,lighthouse.bmp,38.38644793948208,4.997573365781439
img94.bmp,lighthouse.bmp,46.66136696626988,4.074010089466658
img95.bmp,lighthouse.bmp,58.4995162932027,5.639564400611562
img96.bmp,sailing1.bmp,96.01007026787255,5.920153732023512
img97.bmp,sailing1.bmp,71.3583186945212,4.602201214816887
img98.bmp,sailing1.bmp,20.898734424376453,4.880681332200766
img99.bmp,sailing1.bmp,60.484039969026014,5.874490067944862
img100.bmp,sailing1.bmp,64.71622731164517,5.162749727605842
img101.bmp,carnivaldolls.bmp,60.849733945404864,7.2080557437406645
img102.bmp,carnivaldolls.bmp,37.96393061413332,7.87957410638531
img103.bmp,carnivaldolls.bmp,67.64800840348245,8.345239527523518
img104.bmp,carnivaldolls.bmp,9.516793517983984,6.7566528800461025
img105.bmp,carnivaldolls.bmp,12.867990241491285,7.222114906542831
img106.bmp,lighthouse2.bmp,64.70246714917701,5.364977002358501
img107.bmp,lighthouse2.bmp,57.32734095341542,4.329809930176755
img108.bmp,lighthouse2.bmp,55.594120767161606,5.077419109240206
img109.bmp,lighthouse2.bmp,30.88619354655133,4.24925532031466
img110.bmp,lighthouse2.bmp,9.347556490035204,5.001801130081428
img111.bmp,sailing2.bmp,54.352983111695345,4.990452625478308
img112.bmp,sailing2.bmp,70.07786306570196,7.345419568397726
img113.bmp,sailing2.bmp,54.5241692380685,5.922528025771801
img114.bmp,sailing2.bmp,33.72183274128712,5.325701525279631
img115.bmp,sailing2.bmp,29.19069591137785,5.2166716024512425
img116.bmp,cemetry.bmp,101.10825291523571,12.995623018178675
img117.bmp,cemetry.bmp,78.21645963703683,11.44849871016211
img118.bmp,cemetry.bmp,60.848636217073604,9.182285592787796
img119.bmp,cemetry.bmp,8.316406055870281,7.548080341890454
img120.bmp,cemetry.bmp,86.77278366007694,12.889481166998545
img121.bmp,manfishing.bmp,60.25001556155525,6.1661809633175535
img122.bmp,manfishing.bmp,68.1452285836704,8.07803618349135
img123.bmp,manfishing.bmp,41.42084650246674,6.613068280586352
img124.bmp,manfishing.bmp,15.137590014892428,5.385241730604321
img125.bmp,manfishing.bmp,7.880271887900541,5.708098748310779
img126.bmp,sailing3.bmp,72.89473698628494,5.8143403166905046
img127.bmp,sailing3.bmp,21.24627124932043,4.809752679197118
img128.bmp,sailing3.bmp,21.11139930138125,4.709389717007677
img129.bmp,sailing3.bmp,8.934551287688677,4.205740280604611
img130.bmp,sailing3.bmp,9.347234220443331,4.587193699825245
img131.bmp,churchandcapitol.bmp,104.70492246757584,13.07027230101327
img132.bmp,churchandcapitol.bmp,101.31922333167549,12.944137714182338
img133.bmp,churchandcapitol.bmp,15.035606526045699,6.018167747495075
img134.bmp,churchandcapitol.bmp,17.1034743529604,8.024950926192105
img135.bmp,churchandcapitol.bmp,38.976724838748005,6.678799784742296
img136.bmp,monarch.bmp,65.49515916274478,7.037647599237971
img137.bmp,monarch.bmp,48.7925835867167,5.208980522390145
img138.bmp,monarch.bmp,27.26553349940608,4.293475983897224
img139.bmp,monarch.bmp,7.027264242310557,6.022930729396951
img140.bmp,monarch.bmp,9.283473183604274,5.09821225318592
img141.bmp,sailing4.bmp,71.64224760757007,5.496733203103456
img142.bmp,sailing4.bmp,53.05297800439078,5.765591867772552
img143.bmp,sailing4.bmp,35.233143723927924,4.525271459531116
img144.bmp,sailing4.bmp,56.34115606262271,6.232104469711582
img145.bmp,sailing4.bmp,34.05021940048932,5.317917597790559
